Workbook

Sheet Summary
A1: 0DTE Bot — Performance Dashboard
A2: Generated 2026-09-24 15:00 — refresh: python scripts/build_dashboard.py
A4: Total P&L $ | B4: =SUM(Trades!$N$2:$N$24)
A5: Closed trades | B5: =COUNTIF(Trades!$P$2:$P$24,"Closed")
A6: Win rate | B6: =COUNTIF(Trades!$N$2:$N$24,">0")/B5
A7: Avg win $ | B7: =AVERAGEIF(Trades!$N$2:$N$24,">0")
A8: Avg loss $ | B8: =IF(COUNTIF(Trades!$N$2:$N$24,"<0")=0,0,AVERAGEIF(Trades!$N$2:$N$24,"<0"))
A9: Profit factor | B9: =IF(SUMIF(Trades!$N$2:$N$24,"<0")=0,0,-SUMIF(Trades!$N$2:$N$24,">0")/SUMIF(Trades!$N$2:$N$24,"<0"))
A10: Best day $ | B10: =MAX(Daily!$B$2:$B$16)
A11: Worst day $ | B11: =MIN(Daily!$B$2:$B$16)
A12: Commissions $ | B12: =SUM(Trades!$R$2:$R$24)
A13: Net after fees $ | B13: =B4-B12

Sheet Trades
A1: Date | B1: Symbol | C1: Direction | D1: Entry (ET) | E1: Exit (ET) | F1: Hold (min) | G1: Entry Hr | H1: Entry $ | I1: Exit $ | J1: ADX | K1: ADX Slope | L1: Peak % | M1: P&L % | N1: P&L $ | O1: Exit Rule | P1: Status | Q1: Conviction | R1: Commission
A2: 46251 | B2: SPX | C2: PUT | D2: 08-17 10:00 | E2: 08-17 14:25 | F2: 266 | G2: 10 | H2: 8.6 | I2: 17.4 | M2: 1.0233 | N2: 880 | O2: Other | P2: Closed | R2: 1.63
A3: 46252 | B3: SPX | C3: PUT | D3: 08-18 10:13 | E3: 08-18 13:10 | F3: 177 | G3: 10 | H3: 10 | I3: 2 | L3: 0.04 | M3: -0.8 | N3: -800 | O3: Other | P3: Closed | R3: 3.26
A4: 46253 | B4: SPX | C4: PUT | D4: 08-19 09:50 | E4: 08-19 10:54 | F4: 64 | G4: 9 | H4: 13.8 | I4: 2.65 | L4: 0.2826 | M4: -0.808 | N4: -1115 | O4: Other | P4: Closed | R4: 3.26
A5: 46254 | B5: SPX | C5: PUT | D5: 08-20 10:17 | E5: 08-20 14:12 | F5: 235 | G5: 10 | H5: 12.8 | I5: 20.9 | L5: 0.793 | M5: 0.6328 | N5: 810 | O5: Other | P5: Closed | R5: 3.26
A6: 46255 | B6: SPX | C6: CALL | D6: 08-21 11:02 | E6: 08-21 11:43 | F6: 41 | G6: 11 | H6: 8.4 | I6: 14.3 | L6: 0.9048 | M6: 0.7024 | N6: 590 | O6: Other | P6: Closed | R6: 3.26
A7: 46258 | B7: SPX | C7: CALL | D7: 08-24 11:48 | G7: 11 | H7: 7.1 | P7: Orphaned/manual
A8: 46258 | B8: SPX | C8: CALL | D8: 08-24 11:48 | E8: 08-24 13:30 | F8: 102 | G8: 11 | H8: 7.3 | I8: 1.25 | L8: 0.4296 | M8: -0.8239 | N8: -585 | O8: Other | P8: Closed | R8: 3.26
A9: 46258 | B9: SPX | C9: CALL | E9: 08-24 13:30 | I9: 1.25 | L9: 0.3767 | M9: -0.8288 | N9: -605 | O9: Other | P9: Closed | R9: 3.26
A10: 46259 | B10: SPX | C10: PUT | D10: 08-25 10:31 | E10: 08-25 11:52 | F10: 81 | G10: 10 | H10: 8.6 | I10: 2.75 | L10: 0 | M10: -0.6802 | N10: -585 | O10: Other | P10: Closed | R10: 3.26
A11: 46261 | B11: SPX | C11: CALL | D11: 08-27 09:33 | E11: 08-27 09:42 | F11: 9 | G11: 9 | H11: 14.4 | I11: 18.4 | L11: 0.3611 | M11: 0.2778 | N11: 400 | O11: Other | P11: Closed | R11: 3.26
A12: 46261 | B12: SPX | C12: CALL | D12: 08-27 09:55 | E12: 08-27 11:03 | F12: 69 | G12: 9 | H12: 13 | I12: 17.4 | L12: 0.4385 | M12: 0.3385 | N12: 440 | O12: Other | P12: Closed | R12: 3.26
A13: 46262 | B13: SPX | C13: CALL | D13: 08-28 09:35 | E13: 08-28 11:05 | F13: 90 | G13: 9 | H13: 17.4 | I13: 33.4 | L13: 1.1753 | M13: 0.9195 | N13: 1600 | O13: Other | P13: Closed | R13: 3.26
A14: 46262 | B14: SPX | C14: PUT | D14: 08-28 13:02 | E14: 08-28 15:21 | F14: 139 | G14: 13 | H14: 10.5 | I14: 1.75 | L14: 0.1524 | M14: -0.8333 | N14: -875 | O14: Other | P14: Closed | R14: 3.26
A15: 46262 | B15: SPX | C15: PUT | D15: 08-28 15:32 | E15: 08-28 15:56 | F15: 23 | G15: 15 | H15: 3.4 | I15: 1.05 | L15: 0.1618 | M15: -0.6912 | N15: -235 | O15: Other | P15: Closed | R15: 3.26
A16: 46266 | B16: SPX | C16: PUT | D16: 09-01 09:39 | G16: 9 | H16: 13.2 | P16: Orphaned/manual
A17: 46266 | B17: SPX | C17: PUT | D17: 09-01 10:09 | E17: 09-01 10:31 | F17: 23 | G17: 10 | H17: 10.1 | I17: 2.6 | L17: 0.0795 | M17: -0.803 | N17: -1060 | O17: Other | P17: Closed | R17: 3.26
A18: 46266 | B18: SPX | C18: CALL | E18: 09-01 10:36 | I18: 18.7 | L18: 1.0792 | M18: 0.8515 | N18: 860 | O18: Other | P18: Closed | R18: 3.26
A19: 46267 | B19: SPX | C19: CALL | D19: 09-02 10:00 | E19: 09-02 10:10 | F19: 10 | G19: 10 | H19: 10.7 | I19: 16.6 | L19: 0.7103 | M19: 0.5514 | N19: 590 | O19: Other | P19: Closed | R19: 3.26
A20: 46275 | B20: SPX | C20: PUT | D20: 09-10 09:53 | E20: 09-10 10:26 | F20: 33 | G20: 9 | H20: 14 | I20: 5.2 | L20: 0.1286 | M20: -0.6286 | N20: -880 | O20: Other | P20: Closed | R20: 3.26
A21: 46281 | B21: SPX | C21: CALL | D21: 09-16 09:51 | E21: 09-16 12:06 | F21: 135 | G21: 9 | H21: 23.1 | I21: 26.6 | L21: 0.3788 | M21: 0.1515 | N21: 350 | O21: Other | P21: Closed | R21: 3.26
A22: 46283 | B22: SPX | C22: PUT | D22: 09-18 09:50 | E22: 09-18 10:06 | F22: 16 | G22: 9 | H22: 10.5 | I22: 19.1 | L22: 1.0429 | M22: 0.819 | N22: 860 | O22: Other | P22: Closed | R22: 3.26
A23: 46289 | B23: SPX | C23: CALL | D23: 09-24 09:54 | E23: 09-24 10:10 | F23: 16 | G23: 9 | H23: 13.2 | I23: 17.8 | L23: 0.5455 | M23: 0.3485 | N23: 460 | O23: Other | P23: Closed | R23: 3.26
A24: 46289 | B24: SPX | C24: CALL | D24: 09-24 14:00 | E24: 09-24 14:03 | F24: 2 | G24: 14 | H24: 8 | I24: 4.3 | L24: 0 | M24: -0.4625 | N24: -370 | O24: Other | P24: Closed | R24: 3.26

Sheet Daily
A1: Date | B1: Net P&L $ | C1: Cumulative $ | D1: Trades | E1: Wins | F1: Losses
A2: 08/17 | B2: =SUMPRODUCT((TEXT(Trades!$A$2:$A$24,"yyyy-mm-dd")="2026-08-17")*Trades!$N$2:$N$24) | C2: =SUM($B$2:B2) | D2: =SUMPRODUCT((TEXT(Trades!$A$2:$A$24,"yyyy-mm-dd")="2026-08-17")*(Trades!$P$2:$P$24="Closed")*1) | E2: =SUMPRODUCT((TEXT(Trades!$A$2:$A$24,"yyyy-mm-dd")="2026-08-17")*(Trades!$N$2:$N$24>0)*1) | F2: =D2-E2
A3: 08/18 | B3: =SUMPRODUCT((TEXT(Trades!$A$2:$A$24,"yyyy-mm-dd")="2026-08-18")*Trades!$N$2:$N$24) | C3: =SUM($B$2:B3) | D3: =SUMPRODUCT((TEXT(Trades!$A$2:$A$24,"yyyy-mm-dd")="2026-08-18")*(Trades!$P$2:$P$24="Closed")*1) | E3: =SUMPRODUCT((TEXT(Trades!$A$2:$A$24,"yyyy-mm-dd")="2026-08-18")*(Trades!$N$2:$N$24>0)*1) | F3: =D3-E3
A4: 08/19 | B4: =SUMPRODUCT((TEXT(Trades!$A$2:$A$24,"yyyy-mm-dd")="2026-08-19")*Trades!$N$2:$N$24) | C4: =SUM($B$2:B4) | D4: =SUMPRODUCT((TEXT(Trades!$A$2:$A$24,"yyyy-mm-dd")="2026-08-19")*(Trades!$P$2:$P$24="Closed")*1) | E4: =SUMPRODUCT((TEXT(Trades!$A$2:$A$24,"yyyy-mm-dd")="2026-08-19")*(Trades!$N$2:$N$24>0)*1) | F4: =D4-E4
A5: 08/20 | B5: =SUMPRODUCT((TEXT(Trades!$A$2:$A$24,"yyyy-mm-dd")="2026-08-20")*Trades!$N$2:$N$24) | C5: =SUM($B$2:B5) | D5: =SUMPRODUCT((TEXT(Trades!$A$2:$A$24,"yyyy-mm-dd")="2026-08-20")*(Trades!$P$2:$P$24="Closed")*1) | E5: =SUMPRODUCT((TEXT(Trades!$A$2:$A$24,"yyyy-mm-dd")="2026-08-20")*(Trades!$N$2:$N$24>0)*1) | F5: =D5-E5
A6: 08/21 | B6: =SUMPRODUCT((TEXT(Trades!$A$2:$A$24,"yyyy-mm-dd")="2026-08-21")*Trades!$N$2:$N$24) | C6: =SUM($B$2:B6) | D6: =SUMPRODUCT((TEXT(Trades!$A$2:$A$24,"yyyy-mm-dd")="2026-08-21")*(Trades!$P$2:$P$24="Closed")*1) | E6: =SUMPRODUCT((TEXT(Trades!$A$2:$A$24,"yyyy-mm-dd")="2026-08-21")*(Trades!$N$2:$N$24>0)*1) | F6: =D6-E6
A7: 08/24 | B7: =SUMPRODUCT((TEXT(Trades!$A$2:$A$24,"yyyy-mm-dd")="2026-08-24")*Trades!$N$2:$N$24) | C7: =SUM($B$2:B7) | D7: =SUMPRODUCT((TEXT(Trades!$A$2:$A$24,"yyyy-mm-dd")="2026-08-24")*(Trades!$P$2:$P$24="Closed")*1) | E7: =SUMPRODUCT((TEXT(Trades!$A$2:$A$24,"yyyy-mm-dd")="2026-08-24")*(Trades!$N$2:$N$24>0)*1) | F7: =D7-E7
A8: 08/25 | B8: =SUMPRODUCT((TEXT(Trades!$A$2:$A$24,"yyyy-mm-dd")="2026-08-25")*Trades!$N$2:$N$24) | C8: =SUM($B$2:B8) | D8: =SUMPRODUCT((TEXT(Trades!$A$2:$A$24,"yyyy-mm-dd")="2026-08-25")*(Trades!$P$2:$P$24="Closed")*1) | E8: =SUMPRODUCT((TEXT(Trades!$A$2:$A$24,"yyyy-mm-dd")="2026-08-25")*(Trades!$N$2:$N$24>0)*1) | F8: =D8-E8
A9: 08/27 | B9: =SUMPRODUCT((TEXT(Trades!$A$2:$A$24,"yyyy-mm-dd")="2026-08-27")*Trades!$N$2:$N$24) | C9: =SUM($B$2:B9) | D9: =SUMPRODUCT((TEXT(Trades!$A$2:$A$24,"yyyy-mm-dd")="2026-08-27")*(Trades!$P$2:$P$24="Closed")*1) | E9: =SUMPRODUCT((TEXT(Trades!$A$2:$A$24,"yyyy-mm-dd")="2026-08-27")*(Trades!$N$2:$N$24>0)*1) | F9: =D9-E9
A10: 08/28 | B10: =SUMPRODUCT((TEXT(Trades!$A$2:$A$24,"yyyy-mm-dd")="2026-08-28")*Trades!$N$2:$N$24) | C10: =SUM($B$2:B10) | D10: =SUMPRODUCT((TEXT(Trades!$A$2:$A$24,"yyyy-mm-dd")="2026-08-28")*(Trades!$P$2:$P$24="Closed")*1) | E10: =SUMPRODUCT((TEXT(Trades!$A$2:$A$24,"yyyy-mm-dd")="2026-08-28")*(Trades!$N$2:$N$24>0)*1) | F10: =D10-E10
A11: 09/01 | B11: =SUMPRODUCT((TEXT(Trades!$A$2:$A$24,"yyyy-mm-dd")="2026-09-01")*Trades!$N$2:$N$24) | C11: =SUM($B$2:B11) | D11: =SUMPRODUCT((TEXT(Trades!$A$2:$A$24,"yyyy-mm-dd")="2026-09-01")*(Trades!$P$2:$P$24="Closed")*1) | E11: =SUMPRODUCT((TEXT(Trades!$A$2:$A$24,"yyyy-mm-dd")="2026-09-01")*(Trades!$N$2:$N$24>0)*1) | F11: =D11-E11
A12: 09/02 | B12: =SUMPRODUCT((TEXT(Trades!$A$2:$A$24,"yyyy-mm-dd")="2026-09-02")*Trades!$N$2:$N$24) | C12: =SUM($B$2:B12) | D12: =SUMPRODUCT((TEXT(Trades!$A$2:$A$24,"yyyy-mm-dd")="2026-09-02")*(Trades!$P$2:$P$24="Closed")*1) | E12: =SUMPRODUCT((TEXT(Trades!$A$2:$A$24,"yyyy-mm-dd")="2026-09-02")*(Trades!$N$2:$N$24>0)*1) | F12: =D12-E12
A13: 09/10 | B13: =SUMPRODUCT((TEXT(Trades!$A$2:$A$24,"yyyy-mm-dd")="2026-09-10")*Trades!$N$2:$N$24) | C13: =SUM($B$2:B13) | D13: =SUMPRODUCT((TEXT(Trades!$A$2:$A$24,"yyyy-mm-dd")="2026-09-10")*(Trades!$P$2:$P$24="Closed")*1) | E13: =SUMPRODUCT((TEXT(Trades!$A$2:$A$24,"yyyy-mm-dd")="2026-09-10")*(Trades!$N$2:$N$24>0)*1) | F13: =D13-E13
A14: 09/16 | B14: =SUMPRODUCT((TEXT(Trades!$A$2:$A$24,"yyyy-mm-dd")="2026-09-16")*Trades!$N$2:$N$24) | C14: =SUM($B$2:B14) | D14: =SUMPRODUCT((TEXT(Trades!$A$2:$A$24,"yyyy-mm-dd")="2026-09-16")*(Trades!$P$2:$P$24="Closed")*1) | E14: =SUMPRODUCT((TEXT(Trades!$A$2:$A$24,"yyyy-mm-dd")="2026-09-16")*(Trades!$N$2:$N$24>0)*1) | F14: =D14-E14
A15: 09/18 | B15: =SUMPRODUCT((TEXT(Trades!$A$2:$A$24,"yyyy-mm-dd")="2026-09-18")*Trades!$N$2:$N$24) | C15: =SUM($B$2:B15) | D15: =SUMPRODUCT((TEXT(Trades!$A$2:$A$24,"yyyy-mm-dd")="2026-09-18")*(Trades!$P$2:$P$24="Closed")*1) | E15: =SUMPRODUCT((TEXT(Trades!$A$2:$A$24,"yyyy-mm-dd")="2026-09-18")*(Trades!$N$2:$N$24>0)*1) | F15: =D15-E15
A16: 09/24 | B16: =SUMPRODUCT((TEXT(Trades!$A$2:$A$24,"yyyy-mm-dd")="2026-09-24")*Trades!$N$2:$N$24) | C16: =SUM($B$2:B16) | D16: =SUMPRODUCT((TEXT(Trades!$A$2:$A$24,"yyyy-mm-dd")="2026-09-24")*(Trades!$P$2:$P$24="Closed")*1) | E16: =SUMPRODUCT((TEXT(Trades!$A$2:$A$24,"yyyy-mm-dd")="2026-09-24")*(Trades!$N$2:$N$24>0)*1) | F16: =D16-E16

Sheet Analysis
A1: By Symbol
A2: Symbol | B2: P&L $ | C2: Trades | D2: Win rate
A3: SPX | B3: =SUMIFS(Trades!$N$2:$N$24,Trades!$B$2:$B$24,A3) | C3: =COUNTIFS(Trades!$B$2:$B$24,A3,Trades!$P$2:$P$24,"Closed") | D3: =IF(C3=0,0,COUNTIFS(Trades!$B$2:$B$24,A3,Trades!$N$2:$N$24,">0")/C3)
A6: By Exit Rule
A7: Exit Rule | B7: P&L $ | C7: Count | D7: Avg P&L $
A8: Invalidation | B8: =SUMIFS(Trades!$N$2:$N$24,Trades!$O$2:$O$24,A8) | C8: =COUNTIF(Trades!$O$2:$O$24,A8) | D8: =IF(C8=0,0,B8/C8)
A9: Hard Stop | B9: =SUMIFS(Trades!$N$2:$N$24,Trades!$O$2:$O$24,A9) | C9: =COUNTIF(Trades!$O$2:$O$24,A9) | D9: =IF(C9=0,0,B9/C9)
A10: Trail (new) | B10: =SUMIFS(Trades!$N$2:$N$24,Trades!$O$2:$O$24,A10) | C10: =COUNTIF(Trades!$O$2:$O$24,A10) | D10: =IF(C10=0,0,B10/C10)
A11: Old rule (removed) | B11: =SUMIFS(Trades!$N$2:$N$24,Trades!$O$2:$O$24,A11) | C11: =COUNTIF(Trades!$O$2:$O$24,A11) | D11: =IF(C11=0,0,B11/C11)
A14: By Entry Hour (ET)
A15: Hour | B15: P&L $ | C15: Trades
A16: 9:00 | B16: =SUMIFS(Trades!$N$2:$N$24,Trades!$G$2:$G$24,9) | C16: =COUNTIFS(Trades!$G$2:$G$24,9,Trades!$P$2:$P$24,"Closed")
A17: 10:00 | B17: =SUMIFS(Trades!$N$2:$N$24,Trades!$G$2:$G$24,10) | C17: =COUNTIFS(Trades!$G$2:$G$24,10,Trades!$P$2:$P$24,"Closed")
A18: 11:00 | B18: =SUMIFS(Trades!$N$2:$N$24,Trades!$G$2:$G$24,11) | C18: =COUNTIFS(Trades!$G$2:$G$24,11,Trades!$P$2:$P$24,"Closed")
A19: 12:00 | B19: =SUMIFS(Trades!$N$2:$N$24,Trades!$G$2:$G$24,12) | C19: =COUNTIFS(Trades!$G$2:$G$24,12,Trades!$P$2:$P$24,"Closed")
A20: 13:00 | B20: =SUMIFS(Trades!$N$2:$N$24,Trades!$G$2:$G$24,13) | C20: =COUNTIFS(Trades!$G$2:$G$24,13,Trades!$P$2:$P$24,"Closed")
A21: 14:00 | B21: =SUMIFS(Trades!$N$2:$N$24,Trades!$G$2:$G$24,14) | C21: =COUNTIFS(Trades!$G$2:$G$24,14,Trades!$P$2:$P$24,"Closed")
A22: 15:00 | B22: =SUMIFS(Trades!$N$2:$N$24,Trades!$G$2:$G$24,15) | C22: =COUNTIFS(Trades!$G$2:$G$24,15,Trades!$P$2:$P$24,"Closed")
A25: By Conviction Tier
A26: Tier | B26: P&L $ | C26: Trades | D26: Win rate
A27: LOW | B27: =SUMIFS(Trades!$N$2:$N$24,Trades!$Q$2:$Q$24,A27&" *") | C27: =COUNTIFS(Trades!$Q$2:$Q$24,A27&" *",Trades!$P$2:$P$24,"Closed") | D27: =IF(C27=0,0,COUNTIFS(Trades!$Q$2:$Q$24,A27&" *",Trades!$N$2:$N$24,">0")/C27)
A28: MEDIUM | B28: =SUMIFS(Trades!$N$2:$N$24,Trades!$Q$2:$Q$24,A28&" *") | C28: =COUNTIFS(Trades!$Q$2:$Q$24,A28&" *",Trades!$P$2:$P$24,"Closed") | D28: =IF(C28=0,0,COUNTIFS(Trades!$Q$2:$Q$24,A28&" *",Trades!$N$2:$N$24,">0")/C28)
A29: HIGH | B29: =SUMIFS(Trades!$N$2:$N$24,Trades!$Q$2:$Q$24,A29&" *") | C29: =COUNTIFS(Trades!$Q$2:$Q$24,A29&" *",Trades!$P$2:$P$24,"Closed") | D29: =IF(C29=0,0,COUNTIFS(Trades!$Q$2:$Q$24,A29&" *",Trades!$N$2:$N$24,">0")/C29)
